{
	"Alaska" :  {"CntHospitals": 1,
					"CntOpclinics":4,
					"CntVetCenters": 3},
	"Arizona" : {"CntHospitals": 2,
					"CntOpclinics":5,
					"CntVetCenters": 6},
	"Arkansas" : {"CntHospitals": 3,
					"CntOpclinics":2,
					"CntVetCenters": 3},
	"California" : {"CntHospitals": 2,
						"CntOpclinics":1,
						"CntVetCenters": 1},
	"Connecticut": {"CntHospitals": 1,
						"CntOpclinics":2,
						"CntVetCenters": 3},
	"Florida" : {"CntHospitals": 1,
					"CntOpclinics":2,
					"CntVetCenters": 3},
	"Georgia" : {"CntHospitals": 1,
					"CntOpclinics":4,
					"CntVetCenters": 3},
	"Hawaii" : {"CntHospitals": 2,
					"CntOpclinics":5,
					"CntVetCenters": 6},
	"Idaho" : {"CntHospitals": 3,
					"CntOpclinics":2,
					"CntVetCenters": 3},
	"Illinois": {"CntHospitals": 2,
					"CntOpclinics":1,
					"CntVetCenters": 1},
	"Indiana" : {"CntHospitals": 1,
					"CntOpclinics":2,
					"CntVetCenters": 3},
	"Maryland": {"CntHospitals": 3,
					"CntOpclinics":2,
					"CntVetCenters": 3},
	"Virginia": {"CntHospitals": 3,
					"CntOpclinics":2,
					"CntVetCenters": 3}
}




