{
	"Alaska" : [{"Name": " ALA1 Vet Centers", "ImageUrl":"images/type0_Maryland_0.jpg"},
				{"Name": " ALA2 Vet Centers", "ImageUrl":"images/type0_Maryland_1.jpg"},
				{"Name": " ALA4 Vet Centers", "ImageUrl":"images/type0_Maryland_2.jpg"}
			],
	"Arizona" : [{"Name": " AZ1 Vet Centers", "ImageUrl":"images/type0_Maryland_0.jpg"},
				{"Name": " AZ2 Vet Centers", "ImageUrl": "images/type0_Maryland_1.jpg"},
				{"Name": " AZ3 Vet Centers", "ImageUrl": "images/type0_Maryland_2.jpg"},
				{"Name": " AZ4 Vet Centers", "ImageUrl": "images/type0_Maryland_0.jpg"},
				{"Name": " AZ5 Vet Centers", "ImageUrl": "images/type0_Maryland_1.jpg"},
				{"Name": " AZ6 Vet Centers", "ImageUrl": "images/type0_Maryland_2.jpg"}
			],
	"Arkansas" : [{"Name": "AK1 Vet Centers", "ImageUrl":"images/type0_Maryland_0.jpg"}, 
				{"Name": " AK2 Vet Centers", "ImageUrl":"images/type0_Maryland_1.jpg"},
				{"Name": "AK3 Vet Centers", "ImageUrl":"images/type0_Maryland_2.jpg"}
			
			],
	"California" : [{"Name": " CA1 Vet Centers", "ImageUrl":"images/type0_Maryland_0.jpg"}
			],
	"Connecticut" : [{"Name": " CO1 Vet Centers", "ImageUrl":"images/type0_Maryland_0.jpg"},
					{"Name": " CO2 Vet Centers", "ImageUrl":"images/type0_Maryland_1.jpg"},
					{"Name": " CO3 Vet Centers", "ImageUrl":"images/type0_Maryland_2.jpg"}
			],
	"Florida" : [{"Name": " FL1 Vet Centers", "ImageUrl":"images/type0_Maryland_0.jpg"},
				{"Name": " FL1 Vet Centers", "ImageUrl":"images/type0_Maryland_1.jpg"},
				{"Name": " FL2 Vet Centers", "ImageUrl":"images/type0_Maryland_2.jpg"}
			],
	"Georgia" : [{"Name": " GA1 Vet Centers", "ImageUrl":"images/type0_Maryland_0.jpg"},
				{"Name": " GA2 Vet Centers", "ImageUrl":"images/type0_Maryland_1.jpg"},
				{"Name": " GA3 Vet Centers", "ImageUrl":"images/type0_Maryland_2.jpg"}
			],
	"Hawaii" : [{"Name": " HA1 Vet Centers", "ImageUrl":"images/type0_Maryland_0.jpg"},
				{"Name": " HA2 Vet Centers", "ImageUrl":"images/type0_Maryland_1.jpg"},
				{"Name": " HA3 Vet Centers", "ImageUrl":"images/type0_Maryland_2.jpg"},
				{"Name": " HA4 Vet Centers", "ImageUrl":"images/type0_Maryland_0.jpg"},
				{"Name": " HA5 Vet Centers", "ImageUrl":"images/type0_Maryland_1.jpg"},
				{"Name": " HA6 Vet Centers", "ImageUrl":"images/type0_Maryland_2.jpg"}
			],
	"Idaho" : [{"Name": " ID1 Vet Centers", "ImageUrl":"images/type0_Maryland_0.jpg"},
				{"Name": " ID1 Vet Centers", "ImageUrl":"images/type0_Maryland_1.jpg"},
				{"Name": " ID2 Vet Centers", "ImageUrl":"images/type0_Maryland_2.jpg"}
			],
	"Illinois" : [{"Name": " IL1 Vet Centers", "ImageUrl":"images/type0_Maryland_0.jpg"}
				],
	"Indiana" : [{"Name": " IN1 Vet Centers", "ImageUrl":"images/type0_Maryland_0.jpg"},
				{"Name": " IN1 Vet Centers", "ImageUrl":"images/type0_Maryland_1.jpg"},
				{"Name": " IN2 Vet Centers", "ImageUrl":"images/type0_Maryland_2.jpg"}
			],
	"Maryland" : [{"Name": "MD1 Vet Centers", "ImageUrl":"images/type0_Maryland_0.jpg"},
				{"Name": "MD2 Vet Centers", "ImageUrl":"images/type0_Maryland_1.jpg"},
				{"Name": "MD2 Vet Centers", "ImageUrl":"images/type0_Maryland_2.jpg"}
				
			],
	"Virginia" : [{"Name": " VA1 Vet Centers", "ImageUrl":"images/type0_Maryland_0.jpg"},
				{"Name": " VA2 Vet Centers", "ImageUrl":"images/type0_Maryland_1.jpg"},
				{"Name": " VA3 Vet Centers", "ImageUrl":"images/type0_Maryland_2.jpg"}
			]
}
